Name,Client,Primary User(s),Currently Logged on User,Site Code,Client Activity,Resource ID
AIOBAN14VMS0001,Yes,,MPHASIS\security.Corporate,PSS,Active,16864674
AIOBAN22VMS0001,Yes,,MPHASIS\security.blrorr2,PSS,Active,16865773
AIOBAN29VMS0001,Yes,,MPHASIS\security.gtpe,PSS,Active,16864385
AIOCHE03VMSF401,Yes,,,PSS,Inactive,16881851
LTPBAN092181716,Yes,,,PSS,Active,16893807
LTPBAN092194443,Yes,,,PSS,Active,16883659
LTPBAN092270582,Yes,,,PSS,Active,16910571
LTPBAN092279159,Yes,,,PSS,Inactive,16927074
LTPBAN092334992,Yes,,,PSS,Active,16910677
LTPBAN092339018,Yes,,,PSS,Active,16907857
LTPBAN092343982,Yes,,,PSS,Inactive,16907859
LTPBAN092361187,Yes,,,PSS,Active,16922818
LTPBAN092459810,Yes,,,PSS,Inactive,16914127
LTPBAN092480901,Yes,,,PSS,Inactive,16922985
LTPBAN092483093,Yes,,,PSS,Active,16922244
LTPBAN092499902,Yes,,,PSS,Active,16928071
LTPBAN142063484,Yes,,MPHASIS\Yamuna.Bai,PSS,Active,16918569
LTPBAN142093648,Yes,,,PSS,Inactive,16859901
LTPBAN142143417,Yes,,,PSS,Inactive,16911654
LTPBAN142166814,Yes,,,PSS,Active,16917376
LTPBAN142257540,Yes,,,PSS,Active,16839954
LTPBAN142371888,Yes,,,PSS,Active,16860066
LTPBAN142373318,Yes,,,PSS,Active,16906997
LTPBAN142426411,Yes,,,PSS,Active,16927185
LTPBAN142459322,Yes,,,PSS,Active,16910000
LTPBAN142474525,Yes,,,PSS,Inactive,16916901
LTPBAN182454469,Yes,,MPHASIS\aditya.baliga,PSS,Inactive,16910341
LTPBAN182460820,Yes,,,PSS,Active,16912842
LTPBAN192057067,Yes,,,PSS,Active,16905696
LTPBAN192057386,Yes,,,PSS,Active,16918932
LTPBAN192058989,Yes,,,PSS,Active,16914317
LTPBAN192059123,Yes,,,PSS,Active,16875837
LTPBAN192060508,Yes,,,PSS,Active,16875782
LTPBAN192071787,Yes,,,PSS,Inactive,16853452
LTPBAN192077095,Yes,,,PSS,Active,16916377
LTPBAN192142134,Yes,,,PSS,Active,16926071
LTPBAN192153131,Yes,,,PSS,Active,16911051
LTPBAN192170493,Yes,,,PSS,Active,16920802
LTPBAN192322922,Yes,,,PSS,Inactive,16839967
LTPBAN192354168,Yes,,,PSS,Inactive,16920564
LTPBAN192358968,Yes,,,PSS,Active,16875500
LTPBAN192364127,Yes,,,PSS,Inactive,16886792
LTPBAN192379346,Yes,,,PSS,Active,16875279
LTPBAN192418585,Yes,,,PSS,Inactive,16894157
LTPBAN192421237,Yes,,,PSS,Active,16907044
LTPBAN192424103,Yes,,,PSS,Inactive,16898946
LTPBAN192473810,Yes,,,PSS,Inactive,16916190
LTPBAN192489325,Yes,,,PSS,Active,16923939
LTPBAN192490058,Yes,,,PSS,Active,16927554
LTPBAN192495163,Yes,,,PSS,Active,16926917
LTPBAN222052945,Yes,,,PSS,Active,16927694
LTPBAN222055457,Yes,,,PSS,Inactive,16924942
LTPBAN222059268,Yes,,,PSS,Active,16894632
LTPBAN222060936,Yes,,MPHASIS\Siva.Sundarajan,PSS,Active,16916822
LTPBAN222061087,Yes,,,PSS,Active,16897955
LTPBAN222062468,Yes,,,PSS,Active,16922554
LTPBAN222064646,Yes,,MPHASIS\Sujatha.Das,PSS,Active,16906614
LTPBAN222066834,Yes,,,PSS,Active,16920905
LTPBAN222078773,Yes,,,PSS,Active,16897258
LTPBAN222096606,Yes,,,PSS,Active,16905599
LTPBAN222104384,Yes,,,PSS,Active,16897255
LTPBAN222114026,Yes,,,PSS,Active,16900956
LTPBAN222142862,Yes,,,PSS,Active,16926407
LTPBAN222142995,Yes,,,PSS,Active,16879829
LTPBAN222144480,Yes,,,PSS,Active,16897110
LTPBAN222145117,Yes,,,PSS,Inactive,16907024
LTPBAN222148044,Yes,,,PSS,Inactive,16907853
LTPBAN222150975,Yes,,,PSS,Active,16861051
LTPBAN222156330,Yes,,,PSS,Active,16916103
LTPBAN222161541,Yes,,,PSS,Active,16892300
LTPBAN222163050,Yes,,MPHASIS\Parismita.Nath,PSS,Active,16919391
LTPBAN222165654,Yes,,,PSS,Inactive,16905633
LTPBAN222181831,Yes,,,PSS,Active,16920494
LTPBAN222182548,Yes,,,PSS,Active,16885946
LTPBAN222184027,Yes,,,PSS,Active,16909980
LTPBAN222184870,Yes,,,PSS,Inactive,16920682
LTPBAN222192029,Yes,,,PSS,Inactive,16841892
LTPBAN222227030,Yes,,,PSS,Active,16895175
LTPBAN222227696,Yes,,,PSS,Active,16924578
LTPBAN222228692,Yes,,,PSS,Inactive,16924549
LTPBAN222243144,Yes,,,PSS,Active,16921601
LTPBAN222243855,Yes,,,PSS,Active,16928058
LTPBAN222266276,Yes,,,PSS,Active,16925734
LTPBAN222294608,Yes,,,PSS,Active,16917451
LTPBAN222295491,Yes,,,PSS,Active,16920808
LTPBAN222297202,Yes,,MPHASIS\Leelapavan.C,PSS,Active,16927234
LTPBAN222314699,Yes,,,PSS,Active,16905985
LTPBAN222321874,Yes,,,PSS,Active,16896540
LTPBAN222326712,Yes,,,PSS,Active,16917431
LTPBAN222330139,Yes,,,PSS,Active,16860633
LTPBAN222331289,Yes,,,PSS,Active,16921178
LTPBAN222333682,Yes,,MPHASIS\Mohammed.Alim,PSS,Active,16892856
LTPBAN222338540,Yes,,,PSS,Active,16912878
LTPBAN222339681,Yes,,MPHASIS\suresh.r1,PSS,Active,16926485
LTPBAN222343212,Yes,,,PSS,Inactive,16896363
LTPBAN222343403,Yes,,,PSS,Inactive,16925722
LTPBAN222344181,Yes,,,PSS,Inactive,16922353
LTPBAN222344204,Yes,,,PSS,Active,16920093
LTPBAN222346381,Yes,,,PSS,Active,16889742
LTPBAN222347809,Yes,,,PSS,Active,16917441
LTPBAN222351618,Yes,,,PSS,Active,16905700
LTPBAN222353229,Yes,,,PSS,Active,16921599
LTPBAN222355364,Yes,,,PSS,Inactive,16869463
LTPBAN222356199,Yes,,MPHASIS\sendil.murugaiah,PSS,Active,16876856
LTPBAN222356257,Yes,,MPHASIS\bharat.bhushan,PSS,Active,16896113
LTPBAN222357090,Yes,,,PSS,Active,16918017
LTPBAN222359688,Yes,,,PSS,Active,16861084
LTPBAN222359800,Yes,,,PSS,Active,16918939
LTPBAN222360052,Yes,,,PSS,Inactive,16855212
LTPBAN222361218,Yes,,MPHASIS\latha.r,PSS,Active,16927195
LTPBAN222363752,Yes,,,PSS,Active,16906378
LTPBAN222363888,Yes,,,PSS,Active,16894160
LTPBAN222364363,Yes,,,PSS,Active,16918203
LTPBAN222365605,Yes,,,PSS,Active,16906408
LTPBAN222365918,Yes,,,PSS,Active,16927008
LTPBAN222366144,Yes,,,PSS,Active,16917419
LTPBAN222366392,Yes,,,PSS,Inactive,16906077
LTPBAN222368333,Yes,,,PSS,Active,16908772
LTPBAN222369197,Yes,,,PSS,Active,16928109
LTPBAN222371311,Yes,,,PSS,Active,16857749
LTPBAN222372142,Yes,,,PSS,Active,16909279
LTPBAN222372541,Yes,,,PSS,Active,16925806
LTPBAN222372582,Yes,,,PSS,Inactive,16905636
LTPBAN222373837,Yes,,,PSS,Inactive,16857036
LTPBAN222381392,Yes,,,PSS,Active,16880566
LTPBAN222384612,Yes,,,PSS,Active,16890574
LTPBAN222384620,Yes,,,PSS,Active,16896412
LTPBAN222384623,Yes,,,PSS,Active,16890575
LTPBAN222385318,Yes,,,PSS,Active,16897228
LTPBAN222387514,Yes,,,PSS,Active,16921620
LTPBAN222393937,Yes,,,PSS,Inactive,16914094
LTPBAN222403797,Yes,,,PSS,Active,16880463
LTPBAN222405305,Yes,,,PSS,Active,16884709
LTPBAN222407159,Yes,,,PSS,Active,16880654
LTPBAN222412596,Yes,,,PSS,Active,16898503
LTPBAN222416652,Yes,,,PSS,Active,16918550
LTPBAN222422602,Yes,,,PSS,Inactive,16898054
LTPBAN222425147,Yes,,,PSS,Inactive,16896857
LTPBAN222430071,Yes,,MPHASIS\deepak.kumar4,PSS,Active,16923345
LTPBAN222431316,Yes,,MPHASIS\chintha.bharathi,PSS,Active,16924099
LTPBAN222444160,Yes,,,PSS,Active,16906559
LTPBAN222445249,Yes,,MPHASIS\prasanna.venkatesh,PSS,Active,16928235
LTPBAN222445794,Yes,,,PSS,Active,16908778
LTPBAN222446662,Yes,,,PSS,Active,16905390
LTPBAN222447172,Yes,,,PSS,Active,16924070
LTPBAN222447552,Yes,,,PSS,Inactive,16905510
LTPBAN222451841,Yes,,,PSS,Inactive,16928338
LTPBAN222454212,Yes,,,PSS,Active,16922430
LTPBAN222454501,Yes,,,PSS,Active,16907584
LTPBAN222455253,Yes,,,PSS,Active,16911780
LTPBAN222456452,Yes,,,PSS,Active,16920163
LTPBAN222459523,Yes,,,PSS,Active,16913264
LTPBAN222460768,Yes,,,PSS,Inactive,16921205
LTPBAN222463724,Yes,,MPHASIS\vinayak.mhetre,PSS,Active,16916624
LTPBAN222464355,Yes,,,PSS,Inactive,16923262
LTPBAN222465243,Yes,,,PSS,Inactive,16922990
LTPBAN222466590,Yes,,,PSS,Active,16923594
LTPBAN222467128,Yes,,,PSS,Active,16924687
LTPBAN222470005,Yes,,,PSS,Active,16918421
LTPBAN222470490,Yes,,,PSS,Inactive,16928093
LTPBAN222485489,Yes,,,PSS,Active,16923320
LTPBAN222486502,Yes,,,PSS,Active,16925777
LTPBAN222487310,Yes,,,PSS,Active,16924685
LTPBAN222490348,Yes,,,PSS,Inactive,16925979
LTPBAN222492173,Yes,,,PSS,Active,16925002
LTPBAN222494852,Yes,,MPHASIS\chidambara.n,PSS,Active,16926157
LTPBAN222497645,Yes,,,PSS,Active,16927654
LTPBAN222498023,Yes,,MPHASIS\shaik.raffi,PSS,Active,16928078
LTPBAN242053046,Yes,,,PSS,Active,16925280
LTPBAN252057181,Yes,,,PSS,Inactive,16913364
LTPBAN252059042,Yes,,,PSS,Inactive,16920499
LTPBAN252059543,Yes,,,PSS,Inactive,16905688
LTPBAN252083115,Yes,,MPHASIS\Kavita.Oommen,PSS,Active,16823968
LTPBAN252283801,Yes,,MPHASIS\Nikhil.Velayudhan,PSS,Active,16925305
LTPBAN252334232,Yes,,,PSS,Active,16857459
LTPBAN252345934,Yes,,,PSS,Inactive,16918749
LTPBAN252372577,Yes,,,PSS,Active,16924122
LTPBAN252381652,Yes,,,PSS,Active,16861347
LTPBAN252382722,Yes,,,PSS,Active,16893346
LTPBAN252420705,Yes,,,PSS,Active,16904443
LTPBAN252425243,Yes,,,PSS,Active,16906800
LTPBAN252430144,Yes,,,PSS,Active,16900988
LTPBAN252432613,Yes,,,PSS,Inactive,16905739
LTPBAN252433103,Yes,,,PSS,Active,16926285
LTPBAN252434127,Yes,,,PSS,Active,16924879
LTPBAN252441135,Yes,,,PSS,Active,16907131
LTPBAN252442276,Yes,,,PSS,Active,16904445
LTPBAN252443556,Yes,,MPHASIS\vikram.hosur,PSS,Active,16906599
LTPBAN252446400,Yes,,,PSS,Active,16917067
LTPBAN252451414,Yes,,,PSS,Active,16908287
LTPBAN252451747,Yes,,,PSS,Active,16925128
LTPBAN252458751,Yes,,,PSS,Inactive,16921413
LTPBAN252460866,Yes,,MPHASIS\neha.pandey,PSS,Active,16919426
LTPBAN252463965,Yes,,,PSS,Active,16921976
LTPBAN252464130,Yes,,,PSS,Active,16912175
LTPBAN252465600,Yes,,,PSS,Active,16924468
LTPBAN252466437,Yes,,,PSS,Inactive,16924278
LTPBAN252466846,Yes,,,PSS,Active,16925932
LTPBAN252468602,Yes,,MPHASIS\nagaraj.kalgi,PSS,Active,16917778
LTPBAN252468767,Yes,,,PSS,Inactive,16928088
LTPBAN252469751,Yes,,,PSS,Active,16925529
LTPBAN252469823,Yes,,,PSS,Active,16919265
LTPBAN252473099,Yes,,,PSS,Inactive,16917620
LTPBAN252475101,Yes,,,PSS,Active,16919087
LTPBAN252476039,Yes,,,PSS,Active,16919663
LTPBAN252479143,Yes,,,PSS,Active,16924808
LTPBAN252479880,Yes,,,PSS,Active,16919845
LTPBAN252480270,Yes,,,PSS,Active,16927710
LTPBAN252480673,Yes,,MPHASIS\raj.singh1,PSS,Active,16925327
LTPBAN252481209,Yes,,,PSS,Active,16924270
LTPBAN252482392,Yes,,,PSS,Active,16926782
LTPBAN252483401,Yes,,,PSS,Active,16925147
LTPBAN252484002,Yes,,,PSS,Active,16924470
LTPBAN252485308,Yes,,,PSS,Active,16922178
LTPBAN252485710,Yes,,,PSS,Active,16924113
LTPBAN252487440,Yes,,MPHASIS\mamidisatya.p,PSS,Active,16924121
LTPBAN252488043,Yes,,MPHASIS\muhammed.bilals,PSS,Active,16925274
LTPBAN252488251,Yes,,,PSS,Active,16927166
LTPBAN252488421,Yes,,,PSS,Inactive,16927647
LTPBAN252491310,Yes,,,PSS,Active,16924871
LTPBAN252491313,Yes,,,PSS,Inactive,16925152
LTPBAN252492784,Yes,,MPHASIS\sayan.kar,PSS,Active,16926821
LTPBAN252493687,Yes,,,PSS,Active,16926820
LTPBAN292052089,Yes,,,PSS,Active,16927698
LTPBAN292053314,Yes,,MPHASIS\Lokesh.SG,PSS,Active,16922015
LTPBAN292054489,Yes,,,PSS,Active,16899742
LTPBAN292058083,Yes,,,PSS,Active,16917689
LTPBAN292058347,Yes,,,PSS,Active,16905379
LTPBAN292059126,Yes,,,PSS,Active,16923951
LTPBAN292059224,Yes,,,PSS,Active,16921298
LTPBAN292059538,Yes,,,PSS,Active,16927854
LTPBAN292059856,Yes,,MPHASIS\Rajesh.MN,PSS,Active,16926985
LTPBAN292060052,Yes,,MPHASIS\Mukunda.Kumar,PSS,Active,16899196
LTPBAN292060854,Yes,,,PSS,Active,16893713
LTPBAN292061206,Yes,,,PSS,Active,16858279
LTPBAN292061691,Yes,,,PSS,Active,16906684
LTPBAN292061790,Yes,,,PSS,Active,16860007
LTPBAN292062114,Yes,,,PSS,Inactive,16923238
LTPBAN292077959,Yes,,,PSS,Active,16922494
LTPBAN292092627,Yes,,MPHASIS\raghavendra.ys,PSS,Active,16908724
LTPBAN292093691,Yes,,,PSS,Active,16888872
LTPBAN292105618,Yes,,,PSS,Active,16924919
LTPBAN292106230,Yes,,,PSS,Active,16921244
LTPBAN292106668,Yes,,,PSS,Active,16927405
LTPBAN292110252,Yes,,,PSS,Active,16928191
LTPBAN292115325,Yes,,MPHASIS\Atulkumar.J,PSS,Active,16921955
LTPBAN292143963,Yes,,MPHASIS\Ashok.Boralingaiah,PSS,Active,16898299
LTPBAN292145037,Yes,,,PSS,Active,16880464
LTPBAN292148439,Yes,,,PSS,Active,16907552
LTPBAN292152404,Yes,,MPHASIS\Gopikrishnan.Kookkal,PSS,Active,16923370
LTPBAN292153493,Yes,,,PSS,Active,16882186
LTPBAN292153879,Yes,,,PSS,Active,16911636
LTPBAN292154622,Yes,,MPHASIS\Anand.Hariharan,PSS,Active,16925873
LTPBAN292164157,Yes,,,PSS,Active,16924917
LTPBAN292165053,Yes,,,PSS,Active,16904353
LTPBAN292169862,Yes,,,PSS,Active,16915075
LTPBAN292188427,Yes,,,PSS,Active,16924510
LTPBAN292236212,Yes,,,PSS,Active,16921193
LTPBAN292237189,Yes,,,PSS,Active,16858973
LTPBAN292241920,Yes,,MPHASIS\Vivek.Jp,PSS,Active,16922790
LTPBAN292247980,Yes,,MPHASIS\Ramkumar.K03,PSS,Active,16881528
LTPBAN292260217,Yes,,MPHASIS\Chaitanya.Mattaparti,PSS,Active,16919215
LTPBAN292287699,Yes,,,PSS,Active,16896858
LTPBAN292288999,Yes,,,PSS,Active,16897482
LTPBAN292296678,Yes,,MPHASIS\Pradeepa.Mediga,PSS,Active,16922914
LTPBAN292298842,Yes,,,PSS,Active,16920423
LTPBAN292300032,Yes,,,PSS,Active,16858185
LTPBAN292305484,Yes,,,PSS,Active,16906581
LTPBAN292308984,Yes,,,PSS,Active,16924830
LTPBAN292330286,Yes,,,PSS,Active,16912508
LTPBAN292332235,Yes,,,PSS,Active,16912245
LTPBAN292332447,Yes,,,PSS,Active,16890264
LTPBAN292334928,Yes,,,PSS,Active,16927412
LTPBAN292335116,Yes,,,PSS,Active,16910588
LTPBAN292336050,Yes,,,PSS,Active,16893231
LTPBAN292339860,Yes,,,PSS,Active,16917651
LTPBAN292346207,Yes,,,PSS,Active,16910502
LTPBAN292352000,Yes,,,PSS,Active,16858983
LTPBAN292353609,Yes,,,PSS,Active,16921543
LTPBAN292355341,Yes,,,PSS,Active,16918090
LTPBAN292356580,Yes,,,PSS,Active,16859997
LTPBAN292358645,Yes,,,PSS,Active,16895530
LTPBAN292359030,Yes,,,PSS,Active,16917709
LTPBAN292359512,Yes,,,PSS,Active,16873561
LTPBAN292360984,Yes,,,PSS,Active,16924712
LTPBAN292361663,Yes,,,PSS,Active,16894778
LTPBAN292361956,Yes,,MPHASIS\rajesh.p1,PSS,Active,16910796
LTPBAN292362650,Yes,,,PSS,Active,16859124
LTPBAN292362651,Yes,,,PSS,Active,16873497
LTPBAN292364145,Yes,,MPHASIS\raghu.b1,PSS,Active,16907310
LTPBAN292365739,Yes,,,PSS,Active,16905121
LTPBAN292368474,Yes,,,PSS,Active,16925988
LTPBAN292372205,Yes,,,PSS,Active,16895318
LTPBAN292373306,Yes,,,PSS,Inactive,16860354
LTPBAN292378954,Yes,,,PSS,Active,16921797
LTPBAN292383739,Yes,,,PSS,Active,16917962
LTPBAN292385422,Yes,,,PSS,Active,16874029
LTPBAN292385456,Yes,,,PSS,Inactive,16920617
LTPBAN292392344,Yes,,,PSS,Active,16904663
LTPBAN292392724,Yes,,,PSS,Active,16880478
LTPBAN292404171,Yes,,,PSS,Active,16895291
LTPBAN292408448,Yes,,,PSS,Active,16925669
LTPBAN292408722,Yes,,,PSS,Active,16896430
LTPBAN292409008,Yes,,,PSS,Active,16906259
LTPBAN292410823,Yes,,MPHASIS\velicheti.sandeep,PSS,Active,16928333
LTPBAN292415911,Yes,,,PSS,Active,16891785
LTPBAN292417066,Yes,,,PSS,Active,16897779
LTPBAN292419768,Yes,,MPHASIS\vinod.atturu,PSS,Active,16917820
LTPBAN292419909,Yes,,,PSS,Active,16894394
LTPBAN292420611,Yes,,,PSS,Active,16904910
LTPBAN292422905,Yes,,,PSS,Active,16899102
LTPBAN292423547,Yes,,,PSS,Active,16895970
LTPBAN292427146,Yes,,,PSS,Active,16907440
LTPBAN292427291,Yes,,,PSS,Active,16907444
LTPBAN292427311,Yes,,,PSS,Active,16898427
LTPBAN292428457,Yes,,,PSS,Active,16924700
LTPBAN292428585,Yes,,,PSS,Active,16925658
LTPBAN292435440,Yes,,,PSS,Active,16905384
LTPBAN292438542,Yes,,,PSS,Inactive,16902218
LTPBAN292438891,Yes,,MPHASIS\hema.n,PSS,Active,16902442
LTPBAN292442582,Yes,,,PSS,Active,16905573
LTPBAN292442970,Yes,,,PSS,Active,16904883
LTPBAN292443514,Yes,,,PSS,Active,16907529
LTPBAN292444509,Yes,,,PSS,Inactive,16904921
LTPBAN292444819,Yes,,,PSS,Active,16905669
LTPBAN292445570,Yes,,,PSS,Active,16906696
LTPBAN292448241,Yes,,,PSS,Active,16906040
LTPBAN292449022,Yes,,MPHASIS\pushpraj.kumar,PSS,Active,16907187
LTPBAN292452304,Yes,,,PSS,Inactive,16923526
LTPBAN292452554,Yes,,,PSS,Active,16921682
LTPBAN292455007,Yes,,,PSS,Active,16907719
LTPBAN292455118,Yes,,,PSS,Inactive,16910955
LTPBAN292455169,Yes,,,PSS,Active,16908165
LTPBAN292458566,Yes,,,PSS,Active,16909041
LTPBAN292459211,Yes,,,PSS,Active,16912711
LTPBAN292461348,Yes,,,PSS,Active,16912225
LTPBAN292461396,Yes,,,PSS,Active,16910773
LTPBAN292461997,Yes,,MPHASIS\suma.bg,PSS,Inactive,16919618
LTPBAN292463056,Yes,,,PSS,Active,16918589
LTPBAN292464303,Yes,,MPHASIS\mullapudi.sri,PSS,Active,16921780
LTPBAN292464327,Yes,,,PSS,Active,16921784
LTPBAN292464492,Yes,,,PSS,Active,16928258
LTPBAN292466115,Yes,,,PSS,Active,16923724
LTPBAN292466267,Yes,,,PSS,Active,16923707
LTPBAN292467166,Yes,,,PSS,Active,16926609
LTPBAN292467406,Yes,,,PSS,Active,16921092
LTPBAN292467495,Yes,,,PSS,Active,16926613
LTPBAN292468654,Yes,,,PSS,Active,16928326
LTPBAN292468878,Yes,,,PSS,Active,16916168
LTPBAN292468928,Yes,,,PSS,Active,16914775
LTPBAN292469481,Yes,,MPHASIS\g.jahnavi,PSS,Active,16916087
LTPBAN292470244,Yes,,MPHASIS\indlavenkata.manoj,PSS,Active,16928322
LTPBAN292470281,Yes,,,PSS,Active,16926847
LTPBAN292470610,Yes,,,PSS,Active,16927542
LTPBAN292470650,Yes,,,PSS,Active,16928321
LTPBAN292471075,Yes,,,PSS,Active,16926752
LTPBAN292471575,Yes,,,PSS,Active,16928316
LTPBAN292471595,Yes,,,PSS,Active,16926206
LTPBAN292472094,Yes,,,PSS,Active,16928335
LTPBAN292472199,Yes,,,PSS,Active,16927292
LTPBAN292472469,Yes,,MPHASIS\aditi.murarkar,PSS,Active,16927295
LTPBAN292473790,Yes,,,PSS,Active,16917931
LTPBAN292474072,Yes,,,PSS,Active,16918837
LTPBAN292474541,Yes,,MPHASIS\shwetha.arumugam,PSS,Active,16926621
LTPBAN292475012,Yes,,,PSS,Active,16917829
LTPBAN292475094,Yes,,,PSS,Active,16918694
LTPBAN292475146,Yes,,MPHASIS\meghana.nair,PSS,Active,16917824
LTPBAN292475482,Yes,,,PSS,Active,16928035
LTPBAN292475956,Yes,,,PSS,Active,16918502
LTPBAN292476998,Yes,,,PSS,Active,16926449
LTPBAN292477223,Yes,,,PSS,Active,16927539
LTPBAN292477391,Yes,,,PSS,Active,16919728
LTPBAN292477516,Yes,,,PSS,Active,16918485
LTPBAN292478412,Yes,,,PSS,Active,16926614
LTPBAN292478420,Yes,,,PSS,Active,16926873
LTPBAN292478448,Yes,,,PSS,Active,16924368
LTPBAN292478741,Yes,,,PSS,Active,16918987
LTPBAN292479123,Yes,,,PSS,Active,16925991
LTPBAN292479219,Yes,,,PSS,Active,16919593
LTPBAN292480477,Yes,,,PSS,Active,16919605
LTPBAN292480526,Yes,,,PSS,Active,16919628
LTPBAN292480576,Yes,,,PSS,Active,16919617
LTPBAN292481205,Yes,,,PSS,Active,16920771
LTPBAN292481249,Yes,,,PSS,Active,16921094
LTPBAN292482498,Yes,,,PSS,Active,16921096
LTPBAN292483326,Yes,,MPHASIS\sharath.b,PSS,Active,16920881
LTPBAN292484791,Yes,,,PSS,Active,16922511
LTPBAN292486584,Yes,,,PSS,Active,16922768
LTPBAN292487792,Yes,,,PSS,Active,16923067
LTPBAN292487887,Yes,,,PSS,Active,16923373
LTPBAN292488994,Yes,,,PSS,Active,16925249
LTPBAN292490185,Yes,,,PSS,Active,16924509
LTPBAN292490292,Yes,,,PSS,Active,16925992
LTPBAN292490298,Yes,,,PSS,Active,16924822
LTPBAN292493898,Yes,,,PSS,Active,16926117
LTPBAN292493930,Yes,,,PSS,Active,16925763
LTPBAN292494367,Yes,,,PSS,Active,16925601
LTPBAN292494504,Yes,,,PSS,Active,16927277
LTPBAN292496915,Yes,,,PSS,Active,16927146
LTPBAN292497097,Yes,,,PSS,Active,16926961
LTPBAN292497461,Yes,,,PSS,Active,16927565
LTPBAN292497649,Yes,,,PSS,Active,16927571
LTPBAN292497872,Yes,,MPHASIS\sangeetha.mandala,PSS,Active,16927523
LTPBAN292499350,Yes,,,PSS,Active,16928493
LTPBAN292499558,Yes,,MPHASIS\potu.kumar,PSS,Active,16928495
LTPBAN292500049,Yes,,,PSS,Active,16928212
LTPBAN292515924,Yes,,,PSS,Active,16897490
LTPBAN312052250,Yes,,MPHASIS\Archana.Ganachari,PSS,Active,16923865
LTPBAN312061532,Yes,,MPHASIS\Deepakkumar.RP,PSS,Active,16918888
LTPBAN312061656,Yes,,,PSS,Active,16904060
LTPBAN312085425,Yes,,,PSS,Active,16902610
LTPBAN312092676,Yes,,,PSS,Active,16906695
LTPBAN312093622,Yes,,,PSS,Active,16917981
LTPBAN312093686,Yes,,,PSS,Active,16897782
LTPBAN312099637,Yes,,,PSS,Active,16928170
LTPBAN312148101,Yes,,,PSS,Active,16924298
LTPBAN312148991,Yes,,MPHASIS\Halebidu.Pallavi,PSS,Active,16922398
LTPBAN312224495,Yes,,MPHASIS\Mitra.Rao06,PSS,Active,16928150
LTPBAN312257924,Yes,,,PSS,Active,16923472
LTPBAN312266326,Yes,,MPHASIS\Anantha.Shayana,PSS,Active,16925893
LTPBAN312288842,Yes,,,PSS,Active,16923572
LTPBAN312342862,Yes,,,PSS,Active,16925651
LTPBAN312352591,Yes,,MPHASIS\arnabh.paul,PSS,Active,16925108
LTPBAN312357854,Yes,,,PSS,Active,16917188
LTPBAN312362233,Yes,,,PSS,Active,16928192
LTPBAN312365184,Yes,,,PSS,Active,16910795
LTPBAN312366424,Yes,,,PSS,Active,16924984
LTPBAN312416707,Yes,,,PSS,Active,16927325
LTPBAN312426879,Yes,,,PSS,Active,16909504
LTPBAN312433977,Yes,,,PSS,Active,16901817
LTPBAN312453156,Yes,,,PSS,Active,16918093
LTPBAN312468769,Yes,,,PSS,Active,16919472
LTPBAN312472982,Yes,,,PSS,Active,16919732
LTPBAN312475176,Yes,,,PSS,Active,16926040
LTPBAN312476540,Yes,,,PSS,Active,16927392
LTPBAN312477441,Yes,,,PSS,Inactive,16924215
LTPBAN312477834,Yes,,,PSS,Active,16919021
LTPBAN312487914,Yes,,,PSS,Inactive,16923869
LTPBAN312489805,Yes,,,PSS,Active,16924027
LTPBAN312493047,Yes,,,PSS,Active,16925110
LTPBAN322057073,Yes,,MPHASIS\Prashanth.RN,PSS,Active,16885354
LTPBAN322082179,Yes,,,PSS,Active,16895362
LTPBAN322144310,Yes,,,PSS,Active,16913159
LTPBAN322261404,Yes,,,PSS,Active,16925098
LTPBAN322475982,Yes,,,PSS,Active,16927040
LTPBAN332060870,Yes,,,PSS,Active,16880554
LTPBAN332093675,Yes,,,PSS,Active,16889695
LTPBAN332116473,Yes,,,PSS,Inactive,16894325
LTPBAN332151194,Yes,,,PSS,Active,16896391
LTPBAN332368040,Yes,,MPHASIS\ponguri.srilekha,PSS,Active,16893156
LTPBAN332423941,Yes,,,PSS,Active,16896990
LTPBAN332428957,Yes,,,PSS,Active,16899668
LTPBAN332429674,Yes,,,PSS,Active,16910711
LTPBAN332446369,Yes,,,PSS,Inactive,16925877
LTPBAN332453852,Yes,,,PSS,Active,16913263
LTPBAN332464973,Yes,,,PSS,Active,16925789
LTPBAN332466288,Yes,,MPHASIS\munaganuri.harika,PSS,Active,16923214
LTPBAN332466682,Yes,,,PSS,Active,16923160
LTPBAN332471811,Yes,,,PSS,Inactive,16922902
LTPBAN332487947,Yes,,,PSS,Active,16924343
LTPBAN332489676,Yes,,,PSS,Inactive,16925234
LTPBAN332492590,Yes,,,PSS,Active,16925880
LTPBAN332496358,Yes,,,PSS,Active,16927192
LTPBEBRU2038259,Yes,,,PSS,Inactive,16894370
LTPCHE032023553,Yes,,,PSS,Active,16899886
LTPCHE032039506,Yes,,,PSS,Active,16917710
LTPCHE032041536,Yes,,,PSS,Inactive,16916470
LTPCHE032103281,Yes,,,PSS,Active,16923676
LTPCHE032123439,Yes,,,PSS,Inactive,16915225
LTPCHE032135521,Yes,,,PSS,Active,16921277
LTPCHE032158338,Yes,,,PSS,Inactive,16909595
LTPCHE032166483,Yes,,,PSS,Active,16896489
LTPCHE032234615,Yes,,,PSS,Active,16923058
LTPCHE032331352,Yes,,,PSS,Active,16858695
LTPCHE032336481,Yes,,,PSS,Inactive,16903001
LTPCHE032336563,Yes,,,PSS,Active,16864245
LTPCHE032341785,Yes,,,PSS,Active,16927832
LTPCHE032359290,Yes,,,PSS,Active,16923625
LTPCHE032372370,Yes,,MPHASIS\govindarajan.p1,PSS,Active,16919276
LTPCHE032383150,Yes,,,PSS,Active,16860762
LTPCHE032416161,Yes,,,PSS,Active,16924723
LTPCHE032428704,Yes,,MPHASIS\dillibabu.thangaraj,PSS,Active,16926144
LTPCHE032452824,Yes,,,PSS,Active,16920526
LTPCHE032459516,Yes,,,PSS,Active,16921435
LTPCHE032462208,Yes,,MPHASIS\saravanan.ramalingam,PSS,Active,16912637
LTPCHE032464219,Yes,,MPHASIS\kowsalya.n,PSS,Active,16926015
LTPCHE032464497,Yes,,,PSS,Active,16926013
LTPCHE032466058,Yes,,,PSS,Active,16919392
LTPCHE032466931,Yes,,MPHASIS\pindi.munitejaswini,PSS,Active,16924169
LTPCHE032466958,Yes,,MPHASIS\killi.sarvani,PSS,Active,16925856
LTPCHE032466997,Yes,,,PSS,Active,16924172
LTPCHE032468523,Yes,,,PSS,Inactive,16916104
LTPCHE032471555,Yes,,,PSS,Active,16919557
LTPCHE032472933,Yes,,,PSS,Active,16924419
LTPCHE032475089,Yes,,MPHASIS\rajeshwaran.n,PSS,Active,16918025
LTPCHE032475154,Yes,,,PSS,Active,16926016
LTPCHE032475577,Yes,,,PSS,Inactive,16917974
LTPCHE032476643,Yes,,,PSS,Active,16919581
LTPCHE032477589,Yes,,,PSS,Active,16920294
LTPCHE032479073,Yes,,MPHASIS\chaganti.haritha,PSS,Active,16919666
LTPCHE032481457,Yes,,,PSS,Active,16920908
LTPCHE032482836,Yes,,,PSS,Active,16922131
LTPCHE032483016,Yes,,,PSS,Active,16921108
LTPCHE032484816,Yes,,,PSS,Active,16923928
LTPCHE032484910,Yes,,,PSS,Inactive,16924034
LTPCHE032485337,Yes,,MPHASIS\k.kumar6,PSS,Active,16924024
LTPCHE032485363,Yes,,,PSS,Active,16923966
LTPCHE032485769,Yes,,,PSS,Active,16924148
LTPCHE032486355,Yes,,,PSS,Active,16922795
LTPCHE032488710,Yes,,,PSS,Active,16925707
LTPCHE032491244,Yes,,,PSS,Active,16926883
LTPCHE032492650,Yes,,,PSS,Active,16925262
LTPCHE082020072,Yes,,,PSS,Active,16924173
LTPCHE102026667,Yes,,,PSS,Inactive,16887057
LTPCHE102041536,Yes,,,PSS,Active,16927970
LTPCHE102162466,Yes,,,PSS,Inactive,16927920
LTPCHE102181101,Yes,,,PSS,Inactive,16916473
LTPCHE102221158,Yes,,,PSS,Inactive,16901051
LTPCHE102340186,Yes,,MPHASIS\Nithya.P01,PSS,Active,16919282
LTPCHE102345105,Yes,,,PSS,Inactive,16906734
LTPCHE102352739,Yes,,,PSS,Inactive,16894841
LTPCHE102360221,Yes,,,PSS,Active,16883622
LTPCHE102363967,Yes,,MPHASIS\shiras.a,PSS,Active,16921721
LTPCHE102369768,Yes,,,PSS,Active,16904110
LTPCHE102370131,Yes,,,PSS,Active,16917514
LTPCHE102373432,Yes,,,PSS,Inactive,16889025
LTPCHE102378326,Yes,,,PSS,Inactive,16882596
LTPCHE102382032,Yes,,,PSS,Active,16889016
LTPCHE102413407,Yes,,,PSS,Active,16901871
LTPCHE102427765,Yes,,,PSS,Active,16910551
LTPCHE102429198,Yes,,,PSS,Active,16906401
LTPCHE102437235,Yes,,,PSS,Active,16915627
LTPCHE102439744,Yes,,,PSS,Active,16915218
LTPCHE102443795,Yes,,,PSS,Active,16904456
LTPCHE102448625,Yes,,,PSS,Inactive,16906322
LTPCHE102455622,Yes,,,PSS,Inactive,16916146
LTPCHE102457498,Yes,,,PSS,Inactive,16909643
LTPCHE102457628,Yes,,,PSS,Active,16910213
LTPCHE102458106,Yes,,,PSS,Inactive,16910874
LTPCHE102462361,Yes,,,PSS,Inactive,16914512
LTPCHE102467227,Yes,,MPHASIS\nishanth.n,PSS,Active,16914664
LTPCHE102469592,Yes,,,PSS,Inactive,16915277
LTPCHE102479174,Yes,,,PSS,Inactive,16922355
LTPCHE102484822,Yes,,,PSS,Active,16925779
LTPCHE102493380,Yes,,,PSS,Active,16925539
LTPCHE102493802,Yes,,,PSS,Active,16926355
LTPCHE102494500,Yes,,,PSS,Active,16926232
LTPCHE102494552,Yes,,,PSS,Active,16926247
LTPCHE102497898,Yes,,,PSS,Active,16927907
LTPCRH2468657,Yes,,,PSS,Active,16914789
LTPDEFRA2468378,Yes,,,PSS,Inactive,16920508
LTPFRGRE2143479,Yes,,,PSS,Inactive,16893800
LTPHYD032341423,Yes,,MPHASIS\Samit.Bhartia,PSS,Active,16886060
LTPHYD032444798,Yes,,,PSS,Active,16911600
LTPHYD032485714,Yes,,,PSS,Active,16922901
LTPHYD032493444,Yes,,,PSS,Active,16927791
LTPHYD032496286,Yes,,,PSS,Active,16926475
LTPHYD052041296,Yes,,MPHASIS\Ganeswararao.S,PSS,Active,16895252
LTPHYD052389724,Yes,,,PSS,Active,16883146
LTPHYD052432874,Yes,,,PSS,Active,16901672
LTPHYD052436648,Yes,,,PSS,Active,16906544
LTPHYD052488936,Yes,,,PSS,Active,16924988
LTPHYD052490527,Yes,,MPHASIS\kudupudi.madhukumar,PSS,Active,16925859
LTPHYD052491353,Yes,,,PSS,Active,16924843
LTPHYD052496843,Yes,,MPHASIS\chinta.bhuvaneswari,PSS,Active,16928004
LTPHYD052498068,Yes,,,PSS,Active,16927896
LTPHYD052498176,Yes,,,PSS,Active,16928433
LTPHYD052499464,Yes,,,PSS,Active,16928354
LTPMAN022052031,Yes,,MPHASIS\Lohith.Samaga,PSS,Active,16928360
LTPMAN022242686,Yes,,,PSS,Active,16892338
LTPMAN022268717,Yes,,,PSS,Active,16928064
LTPMAN022346193,Yes,,,PSS,Active,16920069
LTPMAN022364528,Yes,,,PSS,Active,16928028
LTPMAN022423432,Yes,,MPHASIS\chaithra.x,PSS,Active,16899919
LTPMUM062037798,Yes,,,PSS,Active,16920790
LTPMUM062054358,Yes,,,PSS,Active,16920960
LTPMUM062055091,Yes,,,PSS,Inactive,16918173
LTPMUM062058467,Yes,,MPHASIS\Kinnari.Karkhanis,PSS,Active,16920622
LTPMUM062059480,Yes,,,PSS,Inactive,16904081
LTPMUM062061663,Yes,,,PSS,Active,16888901
LTPMUM062092850,Yes,,MPHASIS\SurajShetty,PSS,Active,16928024
LTPMUM062168803,Yes,,,PSS,Active,16917066
LTPMUM062168836,Yes,,,PSS,Active,16909056
LTPMUM062270337,Yes,,,PSS,Active,16895363
LTPMUM062307168,Yes,,,PSS,Active,16913295
LTPMUM062337372,Yes,,,PSS,Inactive,16919182
LTPMUM062343617,Yes,,,PSS,Active,16916834
LTPMUM062362416,Yes,,,PSS,Inactive,16887391
LTPMUM062364954,Yes,,,PSS,Active,16893562
LTPMUM062382881,Yes,,,PSS,Active,16875021
LTPMUM062428588,Yes,,MPHASIS\ajmani.surinder,PSS,Active,16899062
LTPMUM062430051,Yes,,,PSS,Inactive,16908143
LTPMUM062442204,Yes,,,PSS,Active,16914741
LTPMUM062445407,Yes,,,PSS,Active,16908883
LTPMUM062465953,Yes,,,PSS,Active,16916046
LTPMUM062469166,Yes,,,PSS,Active,16916907
LTPMUM062474888,Yes,,,PSS,Active,16916798
LTPMUM062475062,Yes,,,PSS,Active,16917065
LTPMUM062482114,Yes,,,PSS,Active,16922535
LTPMUM062483944,Yes,,,PSS,Active,16921321
LTPMUM062491922,Yes,,,PSS,Active,16927704
LTPMUM062499952,Yes,,,PSS,Active,16928346
LTPMUM069995102,Yes,,,PSS,Inactive,16920527
LTPNOI062446548,Yes,,,PSS,Active,16905411
LTPNOI062446555,Yes,,,PSS,Active,16905407
LTPNOI062446562,Yes,,,PSS,Active,16909904
LTPNOI062446572,Yes,,,PSS,Active,16907773
LTPNOI062446577,Yes,,,PSS,Active,16905297
LTPNOI062448199,Yes,,,PSS,Active,16905711
LTPNOI062485100,Yes,,MPHASIS\akshay.grover,PSS,Active,16923803
LTPNOI062485844,Yes,,,PSS,Active,16924930
LTPNOI062492681,Yes,,,PSS,Active,16925736
LTPNOI062493555,Yes,,,PSS,Active,16925715
LTPPOL2260854,Yes,,,PSS,Active,16863787
LTPPOL2281061,Yes,,,PSS,Active,16873509
LTPPOL2358150,Yes,,,PSS,Active,16888862
LTPPOL2412360,Yes,,,PSS,Active,16924948
LTPPOLT2377319,Yes,,,PSS,Inactive,16883313
LTPPUN022029122,Yes,,,PSS,Active,16892727
LTPPUN022038793,Yes,,,PSS,Inactive,16883660
LTPPUN022041799,Yes,,,PSS,Active,16926330
LTPPUN022052122,Yes,,,PSS,Active,16885240
LTPPUN022055455,Yes,,,PSS,Active,16921972
LTPPUN022055732,Yes,,,PSS,Active,16907987
LTPPUN022061338,Yes,,,PSS,Inactive,16922023
LTPPUN022092891,Yes,,,PSS,Inactive,16918177
LTPPUN022099252,Yes,,,PSS,Inactive,16913595
LTPPUN022106031,Yes,,,PSS,Active,16858743
LTPPUN022108271,Yes,,MPHASIS\Nilesh.Kumar,PSS,Active,16893937
LTPPUN022127904,Yes,,,PSS,Inactive,16925819
LTPPUN022140705,Yes,,,PSS,Inactive,16900829
LTPPUN022157520,Yes,,,PSS,Inactive,16919329
LTPPUN022175147,Yes,,,PSS,Active,16907793
LTPPUN022182125,Yes,,,PSS,Active,16859729
LTPPUN022192023,Yes,,,PSS,Active,16903107
LTPPUN022207106,Yes,,,PSS,Active,16908300
LTPPUN022212136,Yes,,,PSS,Inactive,16891650
LTPPUN022240725,Yes,,MPHASIS\Manoj.Jadhav02,PSS,Active,16904680
LTPPUN022263900,Yes,,,PSS,Inactive,16918245
LTPPUN022263959,Yes,,,PSS,Active,16925501
LTPPUN022282240,Yes,,,PSS,Active,16861091
LTPPUN022286261,Yes,,MPHASIS\Sagar.Ghodekar01,PSS,Active,16918917
LTPPUN022317325,Yes,,,PSS,Active,16900957
LTPPUN022332662,Yes,,,PSS,Active,16908329
LTPPUN022338984,Yes,,,PSS,Active,16925626
LTPPUN022340369,Yes,,MPHASIS\Ravish.S,PSS,Active,16860540
LTPPUN022344223,Yes,,,PSS,Active,16907269
LTPPUN022349494,Yes,,,PSS,Active,16925436
LTPPUN022354093,Yes,,,PSS,Active,16920818
LTPPUN022355670,Yes,,,PSS,Active,16916241
LTPPUN022359824,Yes,,,PSS,Inactive,16858692
LTPPUN022369043,Yes,,,PSS,Active,16921307
LTPPUN022369133,Yes,,,PSS,Active,16893026
LTPPUN022373690,Yes,,,PSS,Active,16907338
LTPPUN022411598,Yes,,,PSS,Active,16922602
LTPPUN022415657,Yes,,,PSS,Inactive,16895979
LTPPUN022417012,Yes,,,PSS,Active,16881689
LTPPUN022417172,Yes,,,PSS,Inactive,16892969
LTPPUN022420295,Yes,,,PSS,Active,16925516
LTPPUN022420305,Yes,,,PSS,Active,16925508
LTPPUN022420981,Yes,,,PSS,Active,16902540
LTPPUN022426359,Yes,,MPHASIS\dikesh.patel,PSS,Active,16902822
LTPPUN022429483,Yes,,,PSS,Inactive,16899445
LTPPUN022437982,Yes,,,PSS,Inactive,16921156
LTPPUN022441624,Yes,,,PSS,Active,16904728
LTPPUN022446795,Yes,,,PSS,Inactive,16906606
LTPPUN022452143,Yes,,,PSS,Active,16928243
LTPPUN022455972,Yes,,,PSS,Inactive,16908424
LTPPUN022456193,Yes,,,PSS,Active,16908798
LTPPUN022466244,Yes,,,PSS,Active,16926377
LTPPUN022466970,Yes,,,PSS,Inactive,16921198
LTPPUN022470016,Yes,,,PSS,Active,16925497
LTPPUN022470780,Yes,,MPHASIS\roshan.lald,PSS,Active,16926642
LTPPUN022472675,Yes,,,PSS,Active,16918520
LTPPUN022478213,Yes,,,PSS,Active,16927089
LTPPUN022479027,Yes,,,PSS,Active,16927056
LTPPUN022479485,Yes,,,PSS,Active,16920500
LTPPUN022479541,Yes,,,PSS,Active,16927051
LTPPUN022479543,Yes,,,PSS,Active,16927048
LTPPUN022479581,Yes,,,PSS,Inactive,16927055
LTPPUN022481056,Yes,,,PSS,Active,16920028
LTPPUN022481252,Yes,,,PSS,Active,16925206
LTPPUN022482572,Yes,,,PSS,Inactive,16922058
LTPPUN022486318,Yes,,,PSS,Inactive,16926381
LTPPUN022488105,Yes,,MPHASIS\anil.sonar,PSS,Active,16923202
LTPPUN022488784,Yes,,,PSS,Active,16926497
LTPPUN022489618,Yes,,,PSS,Active,16924782
LTPPUN022489660,Yes,,MPHASIS\shalini.correia,PSS,Active,16923734
LTPPUN022492042,Yes,,MPHASIS\rayalla.kumar,PSS,Active,16926441
LTPPUN022492163,Yes,,,PSS,Inactive,16925013
LTPPUN022494794,Yes,,MPHASIS\tanmoy.basuli,PSS,Active,16927368
LTPPUN022494979,Yes,,MPHASIS\anil.gupta,PSS,Active,16927732
LTPPUN022494997,Yes,,MPHASIS\nitin.udasin1,PSS,Active,16927183
LTPPUN022495314,Yes,,,PSS,Active,16927182
LTPPUN022497718,Yes,,,PSS,Inactive,16927442
LTPPUN022497762,Yes,,MPHASIS\kiran.acharya,PSS,Active,16927332
LTPPUN022501736,Yes,,,PSS,Active,16909412
LTPPUN052028960,Yes,,,PSS,Active,16912336
LTPPUN052042823,Yes,,MPHASIS\Harish.Pande,PSS,Active,16845125
LTPPUN052054436,Yes,,,PSS,Active,16876506
LTPPUN052063044,Yes,,,PSS,Active,16897388
LTPPUN052075500,Yes,,,PSS,Active,16924792
LTPPUN052092108,Yes,,,PSS,Active,16885417
LTPPUN052101390,Yes,,,PSS,Active,16873611
LTPPUN052102844,Yes,,,PSS,Active,16907954
LTPPUN052121482,Yes,,,PSS,Inactive,16916595
LTPPUN052142040,Yes,,,PSS,Inactive,16916939
LTPPUN052145427,Yes,,,PSS,Active,16899693
LTPPUN052155059,Yes,,,PSS,Active,16877089
LTPPUN052158370,Yes,,,PSS,Active,16904774
LTPPUN052164467,Yes,,,PSS,Inactive,16864413
LTPPUN052181459,Yes,,,PSS,Active,16903796
LTPPUN052183115,Yes,,,PSS,Active,16874522
LTPPUN052244347,Yes,,,PSS,Active,16899926
LTPPUN052261087,Yes,,,PSS,Inactive,16879569
LTPPUN052267024,Yes,,,PSS,Active,16897767
LTPPUN052268939,Yes,,,PSS,Active,16898163
LTPPUN052277939,Yes,,,PSS,Active,16918777
LTPPUN052334678,Yes,,,PSS,Active,16915764
LTPPUN052339033,Yes,,,PSS,Active,16901377
LTPPUN052342391,Yes,,MPHASIS\Rahul.Naidu,PSS,Active,16886468
LTPPUN052345481,Yes,,,PSS,Active,16915756
LTPPUN052345944,Yes,,,PSS,Active,16924959
LTPPUN052347309,Yes,,,PSS,Active,16924093
LTPPUN052358920,Yes,,,PSS,Inactive,16876204
LTPPUN052362215,Yes,,,PSS,Active,16887380
LTPPUN052364754,Yes,,,PSS,Inactive,16891596
LTPPUN052365165,Yes,,,PSS,Active,16927614
LTPPUN052366399,Yes,,,PSS,Inactive,16904250
LTPPUN052369295,Yes,,,PSS,Active,16912981
LTPPUN052370180,Yes,,,PSS,Active,16898076
LTPPUN052371641,Yes,,,PSS,Inactive,16917629
LTPPUN052376215,Yes,,,PSS,Inactive,16848043
LTPPUN052391759,Yes,,,PSS,Active,16924623
LTPPUN052399784,Yes,,,PSS,Active,16926701
LTPPUN052413462,Yes,,,PSS,Active,16901511
LTPPUN052426988,Yes,,,PSS,Active,16911213
LTPPUN052429340,Yes,,,PSS,Active,16900933
LTPPUN052435279,Yes,,,PSS,Inactive,16903329
LTPPUN052440229,Yes,,,PSS,Active,16911069
LTPPUN052455191,Yes,,,PSS,Inactive,16910870
LTPPUN052458747,Yes,,,PSS,Inactive,16917544
LTPPUN052460833,Yes,,,PSS,Active,16928378
LTPPUN052462220,Yes,,,PSS,Active,16926833
LTPPUN052475138,Yes,,,PSS,Active,16925645
LTPPUN052477263,Yes,,,PSS,Active,16919683
LTPPUN052481379,Yes,,,PSS,Active,16922032
LTPPUN052483506,Yes,,,PSS,Active,16921177
LTPPUN052485934,Yes,,MPHASIS\nilesh.farkade,PSS,Active,16923849
LTPPUN052487346,Yes,,,PSS,Active,16923343
LTPSGSGP2370434,Yes,,,PSS,Inactive,16920490
LTPSGSGP2438968,Yes,,,PSS,Active,16902974
LTPTW0012489420,Yes,,,PSS,Inactive,16923786
LTPUKLON2024189,Yes,,,PSS,Active,16904703
LTPUKLON2064249,Yes,,,PSS,Inactive,16905996
LTPUKLON2093150,Yes,,,PSS,Inactive,16914400
LTPUKLON2100310,Yes,,,PSS,Active,16927503
LTPUKLON2171080,Yes,,,PSS,Active,16910221
LTPUKLON2173842,Yes,,,PSS,Active,16914602
LTPUKLON2194726,Yes,,,PSS,Active,16928445
LTPUKLON2277753,Yes,,,PSS,Active,16922075
LTPUKLON2294392,Yes,,,PSS,Active,16928420
LTPUKLON2306072,Yes,,,PSS,Active,16905988
LTPUKLON2339617,Yes,,,PSS,Active,16922906
LTPUKLON2342441,Yes,,,PSS,Active,16920964
LTPUKLON2361950,Yes,,,PSS,Active,16922401
LTPUKLON2371678,Yes,,,PSS,Active,16923312
LTPUKLON2411147,Yes,,,PSS,Inactive,16915516
LTPUKLON2412469,Yes,,,PSS,Active,16896635
LTPUKLON2412472,Yes,,,PSS,Active,16896617
LTPUKLON2412475,Yes,,,PSS,Inactive,16917484
LTPUKLON2412505,Yes,,,PSS,Active,16904030
LTPUKLON2412581,Yes,,,PSS,Inactive,16897063
LTPUKLON2428973,Yes,,MPHASIS\suraj.sharma,PSS,Active,16897900
LTPUKLON2429157,Yes,,,PSS,Active,16903868
LTPUKLON2440091,Yes,,MPHASIS\srinivasa.kandregula,PSS,Inactive,16905535
LTPUKLON2463708,Yes,,,PSS,Active,16914764
LTPUKLON2465129,Yes,,,PSS,Active,16913552
LTPUKLON2469785,Yes,,,PSS,Active,16914975
LTPUKLON2479681,Yes,,,PSS,Active,16920248
LTPUKLON2490893,Yes,,,PSS,Inactive,16926523
LTPUKLON2490906,Yes,,,PSS,Active,16924316
LTPUKLON2490910,Yes,,,PSS,Active,16925455
LTPUKLON2490918,Yes,,,PSS,Active,16926029
LTPUKLON9995172,Yes,,,PSS,Inactive,16925453
LTPUSNY2092708,Yes,,,PSS,Active,16831012
LTPUSNY2344377,Yes,,,PSS,Active,16900536
LTPUSNYC2039668,Yes,,,PSS,Inactive,16897302
LTPUSNYC2042304,Yes,,MPHASIS\Pankaj.Jibhakate,PSS,Inactive,16925095
LTPUSNYC2053635,Yes,,,PSS,Active,16907261
LTPUSNYC2061728,Yes,,,PSS,Inactive,16922095
LTPUSNYC2092684,Yes,,,PSS,Inactive,16922317
LTPUSNYC2093083,Yes,,MPHASIS\mysore.sudharshana,PSS,Active,16924164
LTPUSNYC2104480,Yes,,,PSS,Inactive,16908849
LTPUSNYC2113543,Yes,,MPHASIS\Rakesh.Nair,PSS,Active,16890323
LTPUSNYC2127259,Yes,,,PSS,Active,16921374
LTPUSNYC2135750,Yes,,,PSS,Inactive,16908727
LTPUSNYC2149830,Yes,,,PSS,Active,16919484
LTPUSNYC2151219,Yes,,,PSS,Active,16918595
LTPUSNYC2151479,Yes,,,PSS,Active,16912228
LTPUSNYC2155174,Yes,,,PSS,Active,16925475
LTPUSNYC2166219,Yes,,,PSS,Active,16900885
LTPUSNYC2170108,Yes,,,PSS,Active,16918985
LTPUSNYC2179095,Yes,,,PSS,Active,16918999
LTPUSNYC2183999,Yes,,,PSS,Active,16902587
LTPUSNYC2200072,Yes,,,PSS,Active,16927851
LTPUSNYC2228723,Yes,,,PSS,Active,16926193
LTPUSNYC2232683,Yes,,,PSS,Inactive,16837543
LTPUSNYC2235290,Yes,,,PSS,Active,16926978
LTPUSNYC2235379,Yes,,,PSS,Active,16837175
LTPUSNYC2240027,Yes,,,PSS,Active,16911634
LTPUSNYC2247661,Yes,,,PSS,Active,16917932
LTPUSNYC2302572,Yes,,,PSS,Active,16901019
LTPUSNYC2310377,Yes,,,PSS,Inactive,16911745
LTPUSNYC2332996,Yes,,,PSS,Active,16919306
LTPUSNYC2336229,Yes,,,PSS,Inactive,16911422
LTPUSNYC2348440,Yes,,,PSS,Active,16882021
LTPUSNYC2352172,Yes,,,PSS,Active,16921769
LTPUSNYC2352727,Yes,,,PSS,Inactive,16894268
LTPUSNYC2353775,Yes,,MPHASIS\satyajit.rane,PSS,Active,16919723
LTPUSNYC2355610,Yes,,,PSS,Inactive,16927826
LTPUSNYC2359365,Yes,,,PSS,Inactive,16902877
LTPUSNYC2363148,Yes,,,PSS,Active,16927500
LTPUSNYC2374310,Yes,,,PSS,Active,16883461
LTPUSNYC2389313,Yes,,,PSS,Inactive,16899096
LTPUSNYC2403696,Yes,,,PSS,Active,16897164
LTPUSNYC2410735,Yes,,,PSS,Inactive,16889560
LTPUSNYC2411649,Yes,,,PSS,Inactive,16890236
LTPUSNYC2418745,Yes,,,PSS,Inactive,16895861
LTPUSNYC2424271,Yes,,,PSS,Active,16888402
LTPUSNYC2425788,Yes,,MPHASIS\akshay.sajan,PSS,Active,16897477
LTPUSNYC2436237,Yes,,,PSS,Active,16903878
LTPUSNYC2445954,Yes,,,PSS,Active,16909664
LTPUSNYC2448963,Yes,,,PSS,Active,16907169
LTPUSNYC2451367,Yes,,,PSS,Active,16910488
LTPUSNYC2453251,Yes,,,PSS,Active,16914246
LTPUSNYC2454917,Yes,,,PSS,Active,16912826
LTPUSNYC2459049,Yes,,,PSS,Active,16913704
LTPUSNYC2459597,Yes,,,PSS,Active,16912447
LTPUSNYC2461180,Yes,,,PSS,Inactive,16912338
LTPUSNYC2461781,Yes,,,PSS,Active,16915013
LTPUSNYC2463051,Yes,,,PSS,Inactive,16914258
LTPUSNYC2466567,Yes,,,PSS,Inactive,16913960
LTPUSNYC2467635,Yes,,,PSS,Active,16919569
LTPUSNYC2467655,Yes,,,PSS,Active,16919823
LTPUSNYC2467678,Yes,,,PSS,Active,16915133
LTPUSNYC2467719,Yes,,,PSS,Active,16917828
LTPUSNYC2467821,Yes,,,PSS,Inactive,16916701
LTPUSNYC2468249,Yes,,,PSS,Active,16928505
LTPUSNYC2469523,Yes,,,PSS,Inactive,16915818
LTPUSNYC2470885,Yes,,MPHASIS\prem.vippulancha,PSS,Active,16918233
LTPUSNYC2470935,Yes,,,PSS,Active,16920866
LTPUSNYC2472869,Yes,,,PSS,Inactive,16921000
LTPUSNYC2473201,Yes,,,PSS,Active,16923219
LTPUSNYC2475651,Yes,,MPHASIS\amit.sharma2,PSS,Active,16918226
LTPUSNYC2477927,Yes,,MPHASIS\michael.majeski,PSS,Active,16918969
LTPUSNYC2477961,Yes,,,PSS,Inactive,16918279
LTPUSNYC2477969,Yes,,,PSS,Active,16923669
LTPUSNYC2478445,Yes,,,PSS,Active,16925465
LTPUSNYC2478490,Yes,,,PSS,Active,16922919
LTPUSNYC2478980,Yes,,,PSS,Active,16922923
LTPUSNYC2482474,Yes,,,PSS,Active,16920990
LTPUSNYC2483451,Yes,,,PSS,Inactive,16920993
LTPUSNYC2484155,Yes,,,PSS,Active,16922761
LTPUSNYC2484750,Yes,,,PSS,Inactive,16926965
LTPUSNYC2485169,Yes,,,PSS,Active,16926603
LTPUSNYC2485257,Yes,,,PSS,Inactive,16927398
LTPUSNYC2488284,Yes,,MPHASIS\roger.smith1,PSS,Active,16924346
LTPUSNYC2490696,Yes,,,PSS,Active,16924914
LTPUSNYC2492484,Yes,,,PSS,Active,16927257
LTPUSNYC2492903,Yes,,MPHASIS\prasenjit.dan,PSS,Active,16925447
LTPUSNYC2492930,Yes,,,PSS,Inactive,16926192
LTPUSNYC2493146,Yes,,,PSS,Active,16925070
LTPUSNYC2497149,Yes,,,PSS,Active,16927845
LTPUSSJO2062098,Yes,,,PSS,Active,16902417
LTPUSSJO2120833,Yes,,,PSS,Active,16925084
LTPUSSJO2176862,Yes,,,PSS,Active,16832862
LTPUSSJO2280679,Yes,,,PSS,Inactive,16831085
LTPUSSJO2350657,Yes,,MPHASIS\John.Jr,PSS,Active,16902331
LTPUSSJO2351646,Yes,,,PSS,Active,16922925
LTPUSSJO2403317,Yes,,,PSS,Inactive,16919328
LTPUSSJO2418496,Yes,,,PSS,Inactive,16923224
LTPUSSJO2445108,Yes,,MPHASIS\adam.geffner,PSS,Active,16906796
LTPUSSJO2462961,Yes,,,PSS,Active,16910991
LTPUSSJO2464182,Yes,,,PSS,Inactive,16915706
TABUSNYC2092624,Yes,,,PSS,Inactive,16926472
WKSAZCHEWINKIWI,Yes,,,PSS,Active,16890466
WKSAZCHWIN10ARA,Yes,,,PSS,Inactive,16903519
WKSAZCHWIN10VM4,Yes,,,PSS,Active,16852688
WKSAZCHWIN10VM7,Yes,,MPHASIS\automation.bot,PSS,Active,16878739
WKSAZWIN10VM03,Yes,,,PSS,Active,16846223
WKSBAN09FIN1046,Yes,,MPHASIS\Sekhar.Reddy,PSS,Active,16883843
WKSBAN147FLRSEC,Yes,,,PSS,Inactive,16845689
WKSBAN14FIN1033,Yes,,,PSS,Active,16907397
WKSBAN14MAILROM,Yes,,MPHASIS\mailroom.laurel,PSS,Active,16885543
WKSBAN19BMS0001,Yes,,,PSS,Active,16923487
WKSBAN19GMONWAL,Yes,,,PSS,Inactive,16848150
WKSBAN19LPL3566,Yes,,MPHASIS\bindu.ym,PSS,Active,16925871
WKSBAN19LPL3574,Yes,,,PSS,Active,16925951
WKSBAN19LPL3579,Yes,,MPHASIS\bharishkumar.reddy,PSS,Active,16925956
WKSBAN19LPL453B,Yes,,MPHASIS\chaitra.angadi1,PSS,Active,16908255
WKSBAN19LPLTR25,Yes,,,PSS,Active,16836513
WKSBAN19LPT451A,Yes,,MPHASIS\vadde.naveen,PSS,Active,16887892
WKSBAN19MAINSEC,Yes,,,PSS,Inactive,16873272
WKSBAN19MAINT01,Yes,,,PSS,Inactive,16920367
WKSBAN19NET3914,Yes,,MPHASIS\kolimi.mahammed1,PSS,Active,16843713
WKSBAN19TRANS09,Yes,,,PSS,Active,16864387
WKSBAN22ACSCON3,Yes,,,PSS,Inactive,16873651
WKSBAN22ACSCON5,Yes,,,PSS,Inactive,16919383
WKSBAN22ALAAS01,Yes,,,PSS,Active,16916760
WKSBAN22APMAIL2,Yes,,MPHASIS\AP.mailroom,PSS,Active,16850504
WKSBAN22BDGRM02,Yes,,,PSS,Active,16838694
WKSBAN22COMAND1,Yes,,,PSS,Active,16924820
WKSBAN22COMAND2,Yes,,,PSS,Active,16924819
WKSBAN22COMAND4,Yes,,,PSS,Active,16924824
WKSBAN22COMAND5,Yes,,MPHASIS\bijesh.t,PSS,Active,16924812
WKSBAN24TR09012,Yes,,,PSS,Inactive,16900002
WKSBAN25BMSWTC4,Yes,,,PSS,Inactive,16832625
WKSBAN292365949,Yes,,,PSS,Inactive,16877781
WKSBAN29FBMS2,Yes,,MPHASIS\maintenance.s,PSS,Active,16887654
WKSBAN29JVL3865,Yes,,MPHASIS\kiran.x1,PSS,Active,16916758
WKSBAN29JVL3899,Yes,,MPHASIS\lokesh.irulappasamy,PSS,Active,16916757
WKSBAN29RB1652B,Yes,,,PSS,Inactive,16878552
WKSBAN30GFREC,Yes,,MPHASIS\maintenance.s,PSS,Active,16910871
WKSBAN31JVL3852,Yes,,MPHASIS\avishek.chandra,PSS,Active,16856235
WKSBAN31JVL3886,Yes,,MPHASIS\Farzana.S,PSS,Active,16835577
WKSBAN32JVL3866,Yes,,MPHASIS\hema.n,PSS,Active,16899765
WKSBAN33BMS0006,Yes,,MPHASIS\maintenance.pritech,PSS,Active,16870386
WKSBAN33LAAS002,Yes,,,PSS,Active,16866529
WKSBAN33TELSA01,Yes,,,PSS,Inactive,16914316
WKSBAN33TRANS01,Yes,,,PSS,Inactive,16928446
WKSCHE03LAASF04,Yes,,,PSS,Active,16882733
WKSCHE102311637,Yes,,,PSS,Inactive,16887210
WKSCHE10BMS0003,Yes,,MPHASIS\Dlf.Ems,PSS,Active,16927962
WKSCHE10LAASF9N,Yes,,,PSS,Active,16882167
WKSCHE10LASF10N,Yes,,,PSS,Active,16881411
WKSCHE10SEC0007,Yes,,MPHASIS\MPHCHN.EmpIDCard,PSS,Active,16893569
WKSCHE10SEC8007,Yes,,,PSS,Active,16916946
WKSGERMSECURITY,Yes,,,PSS,Inactive,16918261
WKSHYD03BMS6299,Yes,,,PSS,Inactive,16885955
WKSMAN02LAASC02,Yes,,,PSS,Active,16906555
WKSMAN02SECPC03,Yes,,MPHASIS\Securitydesk.MLR,PSS,Active,16910058
WKSMAN02TRKP660,Yes,,MPHASIS\ashwini.prabhu,PSS,Active,16927403
WKSMAN02TRKP667,Yes,,MPHASIS\tarun.hm,PSS,Active,16913566
WKSMAN02TRKP673,Yes,,MPHASIS\sambhav.shetty,PSS,Active,16904265
WKSMAN02TRKP697,Yes,,MPHASIS\Sushma.K01,PSS,Active,16924646
WKSMAN02TRKP708,Yes,,MPHASIS\sudarshan.s,PSS,Active,16894027
WKSMAN02TRKP714,Yes,,,PSS,Active,16927297
WKSMAN02TRKP732,Yes,,MPHASIS\s.apeksha,PSS,Active,16913130
WKSMAN02TRKP740,Yes,,MPHASIS\rashmi.x2,PSS,Active,16922068
WKSMAN02TRKP762,Yes,,MPHASIS\sushmitha.k4,PSS,Active,16917266
WKSMAN02TRKPCB1,Yes,,MPHASIS\Abhilash.Kotian,PSS,Active,16867829
WKSMAN02TRNSP02,Yes,,MPHASIS\karthik.bhaktha,PSS,Active,16907461
WKSMUM06LAAS001,Yes,,,PSS,Active,16922685
WKSMUM06LAAS002,Yes,,,PSS,Active,16922706
WKSMUM06REC0004,Yes,,,PSS,Inactive,16911592
WKSMUM06SCCM001,Yes,,MPHASIS\neeraj.kumar,PSS,Active,16855767
WKSMUM06SCCM002,Yes,,,PSS,Inactive,16902136
WKSMUM06STS0535,Yes,,MPHASIS\Mailroom.Mumbai,PSS,Active,16926308
WKSPUN02ACS0002,Yes,,MPHASIS\security.punecc4,PSS,Active,16911552
WKSPUN02EMTMCC4,Yes,,,PSS,Inactive,16843036
WKSPUN02GSEC001,Yes,,,PSS,Inactive,16836750
WKSPUN02HKGA008,Yes,,MPHASIS\HKCC4,PSS,Active,16887155
WKSPUN02SWBG108,Yes,,MPHASIS\jyoti.dhumal,PSS,Active,16910069
WKSPUN02SWBM122,Yes,,MPHASIS\abhinav.vidap,PSS,Active,16917226
WKSPUN02SWGB128,Yes,,,PSS,Active,16877973
WKSPUN052065466,Yes,,,PSS,Active,16895124
WKSPUN052068993,Yes,,MPHASIS\Dwijendra.Banerjee,PSS,Active,16910430
WKSPUN052346220,Yes,,,PSS,Active,16906364
WKSPUN052417567,Yes,,,PSS,Active,16899504
WKSPUN056TRA129,Yes,,,PSS,Active,16919022
WKSPUN05BMS05W3,Yes,,,PSS,Inactive,16842447
WKSPUN05BMSGF00,Yes,,MPHASIS\EM.EON,PSS,Active,16839597
WKSPUN05FORNT12,Yes,,MPHASIS\frontdesk.eon,PSS,Active,16901960
WKSPUN05LAASW3G,Yes,,,PSS,Active,16841063
WKSPUN05LGIA055,Yes,,,PSS,Active,16880330
WKSPUN05LGIA319,Yes,,MPHASIS\multani.ilyas,PSS,Active,16897535
WKSPUN05LGIA339,Yes,,,PSS,Active,16897556
WKSPUN05LPL7009,Yes,,MPHASIS\pankaj.vitkar,PSS,Active,16922476
WKSPUN05LPL7077,Yes,,MPHASIS\kshitij.nerlekar,PSS,Active,16865551
WKSPUN05LPL7134,Yes,,MPHASIS\damini.chippa,PSS,Active,16922493
WKSPUN05LPLT000,Yes,,MPHASIS\rajendra.kumbhar,PSS,Active,16907371
WKSPUN05LPLT016,Yes,,MPHASIS\Rahul.Verma05,PSS,Active,16907387
WKSPUN05SEC0004,Yes,,,PSS,Active,16910390
WKSPUN05SEC0006,Yes,,,PSS,Active,16920464
WKSPUN05TRANS07,Yes,,,PSS,Active,16884487
WKSPUN05TRKA174,Yes,,MPHASIS\ayyan.khan,PSS,Active,16911127
WKSPUN05TRKA389,Yes,,MPHASIS\minal.pawar,PSS,Active,16906037
WKSPUN05TRKM404,Yes,,MPHASIS\simran.manglani,PSS,Active,16892986
WKSPUN11ACS0011,Yes,,MPHASIS\Security.Puneon1,PSS,Active,16912888
WVDAZCHESHAGIM,Yes,,,PSS,Inactive,16901975
WVDAZSHADXC-0,Yes,,,PSS,Inactive,16887566
WVDINELDOR-0012,Yes,,,PSS,Inactive,16927498
WVDSHSCHWAB-0,Yes,,,PSS,Active,16905888
WVDSHSCHWAB-2,Yes,,,PSS,Active,16905877
WVDSHSCHWAB-4,Yes,,,PSS,Active,16905889
WVDSHSCHWAB-5,Yes,,,PSS,Active,16905885
WVDSHSCHWAB-6,Yes,,,PSS,Inactive,16905880
WVDSHSCHWAB-7,Yes,,,PSS,Active,16905879
WVMAZBOTVM1-0,Yes,,,PSS,Inactive,16927323
